typeofurl,urladdress
Health and Para Medical Sciences,https://www.wikidata.org/wiki/Special:EntityPage/Q144075
Health and Para Medical Sciences,https://money.usnews.com/funds/etfs
Health and Para Medical Sciences,https://www.britannica.com
Health and Para Medical Sciences,https://no.wikipedia.org/wiki/Tannpleier
Health and Para Medical Sciences,https://www.ameritech.edu/blog/category/nursing-student-tips/
Health and Para Medical Sciences,https://www.ameritech.edu/contact/
Health and Para Medical Sciences,https://money.usnews.com/investing/bonds
Health and Para Medical Sciences,https://www.statnews.com/2018/04/20/president-trump-speech-prescription-drug-prices/
Health and Para Medical Sciences,https://money.usnews.com/investing/stocks
Health and Para Medical Sciences,https://money.usnews.com/money/blogs/outside-voices-careers/articles/2018-04-06/8-reasons-career-fairs-are-helpful-for-older-job-seekers?int=undefined-rec
Health and Para Medical Sciences,https://money.usnews.com/money/personal-finance/saving-and-budgeting
Health and Para Medical Sciences,https://www.dentalcareersedu.org/2016/11/
Health and Para Medical Sciences,https://www.dentalcareersedu.org/2017/01/
Health and Para Medical Sciences,https://www.tru.ca/forms/truworld/apply/
Health and Para Medical Sciences,https://it.wikipedia.org/wiki/Odontotecnica
Health and Para Medical Sciences,https://no.wikipedia.org/wiki/Tanntekniker
Health and Para Medical Sciences,https://www.ameritech.edu/blog/category/uncategorized/
Health and Para Medical Sciences,https://www.dentalcareersedu.org/2017/11/the-top-5-continuing-education-resources-for-dental-assistants/
Health and Para Medical Sciences,https://www.ameritech.edu/blog/category/student-life/
Health and Para Medical Sciences,https://money.usnews.com/investing/real-estate-investments
Health and Para Medical Sciences,https://eo.wikipedia.org/wiki/Dentoteknikisto
Health and Para Medical Sciences,https://www.usnews.com/topics/author/vicki-salemi
Health and Para Medical Sciences,https://web.archive.org/web/20121107041807/http://www.adha.org/downloads/adha_standards08.pdf
Health and Para Medical Sciences,https://web.archive.org/web/20140518000747/http://www.dhaa.info/information-1/
Health and Para Medical Sciences,https://en.wikipedia.org/wiki/DE-9IM
Health and Para Medical Sciences,https://www.dentalcareersedu.org/2016/09/
Health and Para Medical Sciences,https://www.dentalcareersedu.org/2017/02/why-prehistoric-humans-had-better-teeth/
Health and Para Medical Sciences,https://accounts.google.com/ServiceLogin?hl=en&continue=https%3A%2F%2Fwww.youtube.com%2Fsignin%3Fnext%3D%252Fwatch%253Fv%253DfyrUO17I0lM%26hl%3Den%26feature%3Dplaylist%26app%3Ddesktop%26action_handle_signin%3Dtrue&uilel=3&service=youtube&passive=true
Health and Para Medical Sciences,https://jobs.studentlife.umich.edu
Health and Para Medical Sciences,https://www.usnews.com/info/features/employment
Health and Para Medical Sciences,https://www.med.unc.edu/ahs/radisci/ed-programs/radiography/courses
Health and Para Medical Sciences,https://web.archive.org/web/20101122105433/http://www.gdc-uk.org/NR/rdonlyres/6E573762-BD24-418C-A863-7283A05E6A9F/0/ScopeofpracticeApril2009.pdf
Health and Para Medical Sciences,https://archive.is/20141023230150/http://www.careers.govt.nz/jobs/health/dental-hygienist/how-to-enter-the-job
Health and Para Medical Sciences,https://indeed.zendesk.com/hc/en-us
Health and Para Medical Sciences,https://en.wikipedia.org/w/index.php?title=Dental_technician&oldid=832159435
Health and Para Medical Sciences,https://www.dentalcareersedu.org/2015/02/
Health and Para Medical Sciences,https://www.ecpi.edu/programs/radiography-associate-degree
Health and Para Medical Sciences,https://pmi.edu/admissions/requirements
Health and Para Medical Sciences,https://money.usnews.com/money/retirement
Health and Para Medical Sciences,https://www.ameritech.edu/programs/dental-lab-technician/
Health and Para Medical Sciences,https://www.careers.govt.nz/articles/website-updates/
Health and Para Medical Sciences,https://sharepoint.umich.edu/sites/uhs/SitePages/Home.aspx
Health and Para Medical Sciences,https://www.dentalcareersedu.org/2016/12/mission-trips-become-one-dentists-purpose-to-practice/
Health and Para Medical Sciences,https://money.usnews.com/funds
Health and Para Medical Sciences,https://www.dentalcareersedu.org/2016/08/
Health and Para Medical Sciences,https://money.usnews.com/money/blogs/outside-voices-careers/articles/2018-04-10/6-tips-for-networking-success?int=undefined-rec
Health and Para Medical Sciences,https://money.usnews.com/money/retirement/social-security
Health and Para Medical Sciences,https://www.usnews.com/info/blogs/press-room
Health and Para Medical Sciences,https://www.ameritech.edu/location/
Health and Para Medical Sciences,https://www.ameritech.edu/blog/category/medical-assisting-2/
Health and Para Medical Sciences,https://accounts.google.com/ServiceLogin?service=youtube&uilel=3&continue=https%3A%2F%2Fwww.youtube.com%2Fsignin%3Fapp%3Ddesktop%26hl%3Den%26feature%3Dplaylist%26action_handle_signin%3Dtrue%26next%3D%252Fwatch%253Fv%253D3W2foM2SJrA&hl=en&passive=true
Health and Para Medical Sciences,https://www.dentalcareersedu.org/2015/12/
Health and Para Medical Sciences,https://he.wikipedia.org/wiki/%D7%A9%D7%99%D7%A0%D7%A0%D7%95%D7%AA
Health and Para Medical Sciences,https://portal.confederationcollege.ca
Health and Para Medical Sciences,https://id.ndl.go.jp/auth/ndlna/00570938
Health and Para Medical Sciences,https://en.wiktionary.org/wiki/Special:Badtitle
Health and Para Medical Sciences,https://www.dictionaryapi.com/
Health and Para Medical Sciences,https://money.usnews.com/money/retirement/medicare
Health and Para Medical Sciences,https://ssb.confederationc.on.ca:7782/proddad/zwpkedir.P_DisplayDirectory
Health and Para Medical Sciences,https://www.usnews.com/topics/author/rebecca-koenig
Health and Para Medical Sciences,https://www.ameritech.edu/privacy/
Health and Para Medical Sciences,https://www.dentalcareersedu.org/2015/01/
Health and Para Medical Sciences,https://money.usnews.com/careers
Health and Para Medical Sciences,https://indeed.zendesk.com/hc/en-gb
Health and Para Medical Sciences,https://pt.wikipedia.org/wiki/Higienista_dental
Health and Para Medical Sciences,https://mywebmail.mytru.ca
Health and Para Medical Sciences,https://pl.wikipedia.org/wiki/Technik_dentystyczny
Health and Para Medical Sciences,https://www.merriam-webster.com/dictionary/pharmacy?pronunciation&lang=en_us&dir=p&file=pharma19
Health and Para Medical Sciences,https://emergency.otago.ac.nz
Health and Para Medical Sciences,https://de.wikipedia.org/wiki/Zahntechniker
Health and Para Medical Sciences,https://indeed.zendesk.com/hc/en-ca
Health and Para Medical Sciences,https://money.usnews.com/investing
Health and Para Medical Sciences,https://money.usnews.com/investing/stock-market-news
Health and Para Medical Sciences,https://www.ameritech.edu/blog/medical-assisstant-certifications/
Health and Para Medical Sciences,https://money.usnews.com/money/careers/interviewing
Health and Para Medical Sciences,https://studentlife.umich.edu/diversity-equity-inclusion
Health and Para Medical Sciences,https://www.tru.ca/distance.html
Health and Para Medical Sciences,https://pl.wikipedia.org/wiki/Dentysta
Health and Para Medical Sciences,https://www.dentalcareersedu.org/2014/12/
Health and Para Medical Sciences,https://www.brightwood.edu/diplomas-certificates/medical-assistant-xray-technician-diploma/
Health and Para Medical Sciences,https://www.usnews.com/topics/author/robin-madell
Health and Para Medical Sciences,https://www.arrt.org/about-the-profession/arrt-certification-and-registration
Health and Para Medical Sciences,https://zh.wikipedia.org/wiki/%E6%BD%94%E7%89%99%E5%B8%AB
Health and Para Medical Sciences,https://www.scribd.com/doc/6630184/The-Functionally-Fixed-Restoration
Health and Para Medical Sciences,https://money.usnews.com/careers/best-jobs/dentist
Health and Para Medical Sciences,https://www.ameritech.edu/
Health and Para Medical Sciences,https://www.bls.gov/oes/current/oes292034.htm
Health and Para Medical Sciences,https://www.dentalcareersedu.org/2015/09/
Health and Para Medical Sciences,https://money.usnews.com/investing/buy-and-hold-strategy
Health and Para Medical Sciences,https://www.ameritech.edu/programs/medical-assistant/
Health and Para Medical Sciences,https://www.ameritech.edu/blog/hospital-careers/
Health and Para Medical Sciences,https://money.usnews.com/money/blogs/outside-voices-careers/articles/2018-04-25/how-to-spot-company-culture-problems-during-a-job-interview?int=undefined-rec
Health and Para Medical Sciences,https://www.usnews.com
Health and Para Medical Sciences,https://www.ameritech.edu/blog/occupational-therapy-assistant-career/
Health and Para Medical Sciences,https://web.archive.org/web/20140517155026/http://www.dhaa.info/information-1/information-brochure/
Health and Para Medical Sciences,https://www.ameritech.edu/blog/category/financial-aid/
Health and Para Medical Sciences,https://portal.ameritech.edu/secure/staff/loginsta.aspx
Health and Para Medical Sciences,https://www.dentalcareersedu.org/2015/05/
Health and Para Medical Sciences,https://www.dentalcareersedu.org/2015/11/
Health and Para Medical Sciences,https://www.ameritech.edu/blog/category/e-books/
Health and Para Medical Sciences,https://web.archive.org/web/20140225062002/http://www.ada.org.au/dentalprofessionals/hygienist.aspx
Health and Para Medical Sciences,https://nl.wikipedia.org/wiki/Tandtechnicus
Health and Para Medical Sciences,https://www.bls.gov/OES/current/oes292034.htm
Health and Para Medical Sciences,https://www.tru.ca/forms/trureqinfo
Health and Para Medical Sciences,https://de.wikipedia.org/wiki/Dentalhygieniker
Health and Para Medical Sciences,https://cars.usnews.com/cars-trucks
Health and Para Medical Sciences,https://www.careers.govt.nz/modal/talktous/#modal-content
Health and Para Medical Sciences,https://www.ameritech.edu/admissions/
Health and Para Medical Sciences,https://www.ameritech.edu/wp-content/uploads/2015/03/Ameritech_3.15_Understanding-the-6-Specialties-of-Dental-Lab-Technicians_Blog.png
Health and Para Medical Sciences,https://realestate.usnews.com/
Health and Para Medical Sciences,https://money.usnews.com/careers/job-search
Health and Para Medical Sciences,https://www.dentalcareersedu.org/2016/12/
Health and Para Medical Sciences,https://money.usnews.com/careers/best-jobs/rankings
Health and Para Medical Sciences,https://money.usnews.com/money/blogs/outside-voices-careers/articles/2018-04-13/how-to-handle-3-common-salary-negotiation-situations?int=undefined-rec
Health and Para Medical Sciences,https://it.wikipedia.org/wiki/Igienista_dentale
Health and Para Medical Sciences,https://www.dentalcareersedu.org/2015/06/
Health and Para Medical Sciences,https://money.usnews.com/money/blogs/outside-voices-careers/articles/2018-04-17/these-common-reference-myths-are-hurting-your-job-search?int=undefined-rec
Health and Para Medical Sciences,https://sv.wikipedia.org/wiki/Tandhygienist
Health and Para Medical Sciences,https://www.ameritech.edu/programs/rn-bsn-degree-completion/
Health and Para Medical Sciences,https://money.usnews.com/money/retirement/aging
Health and Para Medical Sciences,https://accounts.google.com/ServiceLogin?uilel=3&service=youtube&passive=true&hl=en&continue=https%3A%2F%2Fwww.youtube.com%2Fsignin%3Faction_handle_signin%3Dtrue%26feature%3D__FEATURE__%26app%3Ddesktop%26hl%3Den%26next%3D%252Fwatch%253Fv%253DypHT_zW3oI8
Health and Para Medical Sciences,https://www.flickr.com/photos/thompsonrivers
Health and Para Medical Sciences,https://www.ameritech.edu/programs/nursing/
Health and Para Medical Sciences,https://unabridged.merriam-webster.com/subscriber/register/p1?HDR_GLOBAL_JOINMWU
Health and Para Medical Sciences,https://money.usnews.com/money/personal-finance/banking-and-credit
Health and Para Medical Sciences,https://money.usnews.com/careers/best-jobs/dental-hygienist/job-listings
Health and Para Medical Sciences,https://www.med.unc.edu/ahs/radisci/ed-programs/medical-imaging/admissions-1
Health and Para Medical Sciences,https://instagram.com/universityofotago/
Health and Para Medical Sciences,https://money.usnews.com/money/blogs/outside-voices-careers/articles/2018-04-24/why-do-you-want-to-leave-your-job?int=undefined-rec
Health and Para Medical Sciences,https://money.usnews.com/money/blogs/outside-voices-careers/articles/2018-04-12/how-to-inform-your-manager-you-received-an-external-job-offer?int=undefined-rec
Health and Para Medical Sciences,https://fr.wikipedia.org/wiki/Hygi%C3%A9niste_dentaire
Health and Para Medical Sciences,https://www.wikidata.org/wiki/Special:EntityPage/Q1079856
Health and Para Medical Sciences,https://www.nbcnews.com/health/health-news/surgeon-general-wants-naloxone-widely-hand-feasible-n866976
Health and Para Medical Sciences,https://www.tru.ca/canada150
Health and Para Medical Sciences,https://accounts.google.com/ServiceLogin?continue=https%3A%2F%2Fwww.youtube.com%2Fsignin%3Faction_handle_signin%3Dtrue%26next%3D%252Fwatch%253Fv%253DsD3T4wG-d6Q%26app%3Ddesktop%26feature%3Dplaylist%26hl%3Den&passive=true&service=youtube&uilel=3&hl=en
Health and Para Medical Sciences,https://www.med.unc.edu/ahs/radisci/ed-programs/medical-imaging
Health and Para Medical Sciences,https://portal.ameritech.edu/secure/student/loginstu.aspx
Health and Para Medical Sciences,https://www.ameritech.edu/transcript-request/
Health and Para Medical Sciences,https://www.arrt.org
Health and Para Medical Sciences,https://ko.wikipedia.org/wiki/%EC%B9%98%EA%B3%BC%EC%9C%84%EC%83%9D%EC%82%AC
Health and Para Medical Sciences,https://blearn.tru.ca
Health and Para Medical Sciences,https://accounts.google.com/ServiceLogin?continue=https%3A%2F%2Fwww.youtube.com%2Fsignin%3Faction_handle_signin%3Dtrue%26next%3D%252Fwatch%253Fv%253DsD3T4wG-d6Q%26app%3Ddesktop%26feature%3D__FEATURE__%26hl%3Den&passive=true&service=youtube&uilel=3&hl=en
Health and Para Medical Sciences,https://mytru.tru.ca/
Health and Para Medical Sciences,https://es.wikipedia.org/wiki/Higienista_dental
Health and Para Medical Sciences,https://www.ameritech.edu/blog/category/bsn/
Health and Para Medical Sciences,https://www.dentalcareersedu.org/2018/01/5-tenets-of-client-retention-every-hygienist-needs-to-know/
Health and Para Medical Sciences,https://money.usnews.com/financial-advisors
Health and Para Medical Sciences,https://www.usnews.com/news
Health and Para Medical Sciences,https://ko.wikipedia.org/wiki/%EC%B9%98%EA%B3%BC%EA%B8%B0%EA%B3%B5%EC%82%AC
Health and Para Medical Sciences,https://www.ameritech.edu/annual-security-report/
Health and Para Medical Sciences,https://banxessbprod.tru.ca:8443/StudentRegistrationSsb/ssb/term/termSelection?mode=search
Health and Para Medical Sciences,https://www.ameritech.edu/about/life-at-ameritech/
Health and Para Medical Sciences,https://web.archive.org/web/20110810130832/http://www.dent.ualberta.ca/dentalhygiene.cfm
Health and Para Medical Sciences,https://www.tru.ca/distance/about/contact/inforeq/
Health and Para Medical Sciences,https://www.ameritech.edu/financial-aid/
Health and Para Medical Sciences,https://da.wikipedia.org/wiki/Tandplejer
Health and Para Medical Sciences,https://www.dentalcareersedu.org/2016/05/
Health and Para Medical Sciences,https://alumni.otago.ac.nz/YourOtago
Health and Para Medical Sciences,https://www.pinterest.com/ameritechedu/
Health and Para Medical Sciences,https://ro.wikipedia.org/wiki/Tehnic%C4%83_dentar%C4%83
Health and Para Medical Sciences,https://www.usnews.com/topics/author/robin-reshwan
Health and Para Medical Sciences,https://www.dentalcareersedu.org/2015/07/
Health and Para Medical Sciences,https://money.usnews.com/money/personal-finance/debt
Health and Para Medical Sciences,https://www.dentalcareersedu.org/2016/10/
Health and Para Medical Sciences,https://www.ameritech.edu/programs/dental-lab-tech/
Health and Para Medical Sciences,https://webapps.tru.ca/telbook/
Health and Para Medical Sciences,https://bs.wikipedia.org/wiki/Zubni_tehni%C4%8Dar
Health and Para Medical Sciences,https://www.dentalcareersedu.org/how-to-become-a-dental-assistant/
Health and Para Medical Sciences,https://info.umkc.edu/umatters/want-a-free-teeth-cleaning-school-of-dentistry-dental-hygiene-students-need-you/
Health and Para Medical Sciences,https://money.usnews.com/money/retirement/401ks
Health and Para Medical Sciences,https://sk.wikipedia.org/wiki/Dent%C3%A1lny_hygienik
Health and Para Medical Sciences,https://www.usnews.com/info/features/about-usnews
Health and Para Medical Sciences,https://accounts.google.com/ServiceLogin?passive=true&continue=https%3A%2F%2Fwww.youtube.com%2Fsignin%3Faction_handle_signin%3Dtrue%26app%3Ddesktop%26feature%3Dplaylist%26next%3D%252Fwatch%253Fv%253DjyXKeqoqIKc%26hl%3Den&service=youtube&uilel=3&hl=en
Health and Para Medical Sciences,https://www.dentalcareersedu.org/2017/11/
Health and Para Medical Sciences,https://money.usnews.com/money/careers/applying-for-a-job/articles/2018-04-25/storyboarding-your-career-how-to-get-a-job-in-animation?int=undefined-rec
Health and Para Medical Sciences,https://www.dentalcareersedu.org/2018/01/
Health and Para Medical Sciences,https://ru.wikipedia.org/wiki/%D0%97%D1%83%D0%B1%D0%BD%D0%BE%D0%B9_%D1%82%D0%B5%D1%85%D0%BD%D0%B8%D0%BA
Health and Para Medical Sciences,https://www.bls.gov/ooh/healthcare/radiologic-technologists.htm#tab-1
Health and Para Medical Sciences,https://www.ameritech.edu/blog/category/atc-pride-award/
Health and Para Medical Sciences,https://www.dentalcareersedu.org/2016/07/
Health and Para Medical Sciences,https://www.dentalcareersedu.org/2015/04/
Health and Para Medical Sciences,https://money.usnews.com/money/personal-finance
Health and Para Medical Sciences,https://www.wikidata.org/wiki/Special:EntityPage/Q1079856#sitelinks-wikipedia
Health and Para Medical Sciences,https://www.ameritech.edu/blog/
Health and Para Medical Sciences,https://ssb.confederationc.on.ca:7782/proddad/zwskccrs.P_SrchPage
Health and Para Medical Sciences,https://money.usnews.com/money/personal-finance/family-finance
Health and Para Medical Sciences,https://www.ameritech.edu/blog/category/occupational-therapy-assistant/
Health and Para Medical Sciences,https://d-nb.info/gnd/4190523-4
Health and Para Medical Sciences,https://money.usnews.com/money/retirement/best-places-to-retire
Health and Para Medical Sciences,https://money.usnews.com/investing/investing-101
Health and Para Medical Sciences,https://www.ameritech.edu/blog/category/dental-lab-technician-2/
Health and Para Medical Sciences,https://www.dentalcareersedu.org/2015/10/
Health and Para Medical Sciences,https://money.usnews.com/investing/funds
Health and Para Medical Sciences,https://zh.wikipedia.org/wiki/%E7%89%99%E9%AB%94%E6%8A%80%E8%A1%93%E5%B8%AB
Health and Para Medical Sciences,https://mytru.tru.ca
Health and Para Medical Sciences,https://pt.wikipedia.org/wiki/Prot%C3%A9tico
Health and Para Medical Sciences,https://www.wikidata.org/wiki/Special:EntityPage/Q144075#sitelinks-wikipedia
Health and Para Medical Sciences,https://www.dentalcareersedu.org/
Health and Para Medical Sciences,https://www.usnews.com/topics/author/arnie-fertig
Health and Para Medical Sciences,https://money.usnews.com/money/careers/salaries-and-benefits
Health and Para Medical Sciences,https://money.usnews.com/investing/dividends
Health and Para Medical Sciences,https://truemployee.tru.ca
Health and Para Medical Sciences,https://www.dentalcareersedu.org/school-listing/
Health and Para Medical Sciences,https://www.ameritech.edu/make-a-payment/
Health and Para Medical Sciences,https://www.usnews.com/education
Health and Para Medical Sciences,https://www.adha.org/resources-docs/7513_Direct_Access_to_Care_from_DH.pdf
Health and Para Medical Sciences,https://money.usnews.com/money/careers/company-culture
Health and Para Medical Sciences,https://www.dentalcareersedu.org/2017/01/should-dental-hygienists-use-antibiotics-to-treat-severe-periodontal-disease/
Health and Para Medical Sciences,https://moodle.tru.ca
Health and Para Medical Sciences,https://accounts.google.com/ServiceLogin?service=youtube&uilel=3&continue=https%3A%2F%2Fwww.youtube.com%2Fsignin%3Fapp%3Ddesktop%26hl%3Den%26feature%3D__FEATURE__%26action_handle_signin%3Dtrue%26next%3D%252Fwatch%253Fv%253D3W2foM2SJrA&hl=en&passive=true
Health and Para Medical Sciences,https://www.careers.govt.nz/
Health and Para Medical Sciences,https://github.com/schemaorg/schemaorg/issues?q=is%3Aissue+is%3Aopen+Pharmacy
Health and Para Medical Sciences,https://www.ameritech.edu/about/accreditations/
Health and Para Medical Sciences,https://studentlife.umich.edu
Health and Para Medical Sciences,https://ja.wikipedia.org/wiki/%E6%AD%AF%E7%A7%91%E6%8A%80%E5%B7%A5%E5%A3%AB
Health and Para Medical Sciences,https://www.ameritech.edu/programs/occupational-therapy-assistant/
Health and Para Medical Sciences,https://ja.wikipedia.org/wiki/%E6%AD%AF%E7%A7%91%E8%A1%9B%E7%94%9F%E5%A3%AB
Health and Para Medical Sciences,https://www.careers.govt.nz/modal/talktous/
Health and Para Medical Sciences,https://www.dentalcareersedu.org/contact-us/
Health and Para Medical Sciences,https://www.dentalcareersedu.org/blog/
Health and Para Medical Sciences,https://money.usnews.com/money/retirement/iras
Health and Para Medical Sciences,https://www.dentalcareersedu.org
Health and Para Medical Sciences,https://money.usnews.com/careers/best-jobs/rankings/best-health-care-support-jobs
Health and Para Medical Sciences,https://es.wikipedia.org/wiki/Prot%C3%A9sico_dental
Health and Para Medical Sciences,https://www.dentalcareersedu.org/2016/02/
Health and Para Medical Sciences,https://accounts.google.com/ServiceLogin?hl=en&continue=https%3A%2F%2Fwww.youtube.com%2Fsignin%3Fnext%3D%252Fwatch%253Fv%253DfyrUO17I0lM%26hl%3Den%26feature%3D__FEATURE__%26app%3Ddesktop%26action_handle_signin%3Dtrue&uilel=3&service=youtube&passive=true
Health and Para Medical Sciences,https://www.ameritech.edu/encryption-instructions/
Health and Para Medical Sciences,https://fi.wikipedia.org/wiki/Suuhygienisti
Health and Para Medical Sciences,https://travel.usnews.com/
Health and Para Medical Sciences,https://www.ameritech.edu/programs/
Health and Para Medical Sciences,https://translate.google.com/translate?&u=https%3A%2F%2Fes.wikipedia.org%2Fwiki%2FProt%C3%A9sico+dental&sl=es&tl=en&prev=_t&hl=en
Health and Para Medical Sciences,https://en.wiktionary.org/wiki/Help:Contents
Health and Para Medical Sciences,https://en.wikipedia.org/w/index.php?title=Dental_hygienist&oldid=834134287
Health and Para Medical Sciences,https://www.usnews.com/topics/author/hallie-crawford
Health and Para Medical Sciences,https://web.archive.org/web/20140518011126/http://ledentistemontreal.com/wp-content/uploads/2014/05/Practice-Standards-policies.pdf
Health and Para Medical Sciences,https://money.usnews.com/money/careers/articles/2016-01-26/how-us-news-ranks-the-best-jobs
Health and Para Medical Sciences,https://loans.usnews.com/
Health and Para Medical Sciences,https://accounts.google.com/ServiceLogin?uilel=3&service=youtube&passive=true&hl=en&continue=https%3A%2F%2Fwww.youtube.com%2Fsignin%3Faction_handle_signin%3Dtrue%26feature%3Dplaylist%26app%3Ddesktop%26hl%3Den%26next%3D%252Fwatch%253Fv%253DypHT_zW3oI8
Health and Para Medical Sciences,https://www.arrt.org/about-the-profession/arrt-certification-and-registration/requirements/education/recognized-educational-programs
Health and Para Medical Sciences,https://health.usnews.com/
Health and Para Medical Sciences,https://www.dentalcareersedu.org/2017/02/
Health and Para Medical Sciences,https://money.usnews.com/careers/best-jobs/dental-hygienist/reviews
Health and Para Medical Sciences,https://money.usnews.com/money/retirement/baby-boomers
Health and Para Medical Sciences,https://www.wsj.com/articles/rite-aid-shareholders-sour-on-albertsons-deal-1523543076
Health and Para Medical Sciences,https://www.dentalcareersedu.org/2015/08/
Health and Para Medical Sciences,https://money.usnews.com/money/blogs/outside-voices-careers/articles/2018-04-18/quick-tips-to-clean-up-your-social-media-profiles-when-job-searching?int=undefined-rec
Health and Para Medical Sciences,https://www.ameritech.edu/careers/
Health and Para Medical Sciences,https://money.usnews.com/529s
Health and Para Medical Sciences,https://money.usnews.com/money/blogs/outside-voices-careers/articles/2018-04-16/women-heres-how-to-ask-for-more-money?int=undefined-rec
Health and Para Medical Sciences,https://instagram.com/confederationcollege/
Health and Para Medical Sciences,https://money.usnews.com/careers/best-jobs/rankings/the-100-best-jobs
Health and Para Medical Sciences,https://money.usnews.com/money/personal-finance/taxes
Health and Para Medical Sciences,https://unabridged.merriam-webster.com/subscriber/register/p1?refc=HDR_GLOBAL_JOINMWU
Health and Para Medical Sciences,https://ameritech.instructure.com
Health and Para Medical Sciences,https://www.ameritech.edu/drug-alcohol-prevention-program/
Health and Para Medical Sciences,https://accounts.google.com/ServiceLogin?continue=https%3A%2F%2Fwww.youtube.com%2Fsignin%3Fapp%3Ddesktop%26action_handle_signin%3Dtrue%26hl%3Den%26next%3D%252Fwatch%253Fv%253DKrT6xNhpzUc%26feature%3Dplaylist&passive=true&hl=en&service=youtube&uilel=3
Health and Para Medical Sciences,https://sv.wikipedia.org/wiki/Tandtekniker
Health and Para Medical Sciences,https://fa.wikipedia.org/wiki/%D8%A8%D9%87%D8%AF%D8%A7%D8%B4%D8%AA%E2%80%8C%DA%A9%D8%A7%D8%B1_%D8%AF%D9%87%D8%A7%D9%86_%D9%88_%D8%AF%D9%86%D8%AF%D8%A7%D9%86
Health and Para Medical Sciences,https://www.usnews.com/topics/author/hannah-morgan
Health and Para Medical Sciences,https://money.usnews.com/money/personal-finance/spending
Health and Para Medical Sciences,https://docs.google.com/a/google.com/forms/d/1krxHlWJAO3JgvHRZV9Rugkr9VYnMdrI10xbGsWt733c/viewform?entry.1174568178&entry.41124795=http://schema.org/Pharmacy&entry.882602760=type
Health and Para Medical Sciences,https://www.careers.govt.nz/about-careers-nz/contact-us/
Health and Para Medical Sciences,https://nbccert.org/certificants/certified-dental-technician/
Health and Para Medical Sciences,https://ar.wikipedia.org/wiki/%D9%81%D9%86%D9%8A_%D8%A7%D9%84%D8%A3%D8%B3%D9%86%D8%A7%D9%86
Health and Para Medical Sciences,https://www.ameritech.edu/blog/category/study-tips-2/
Health and Para Medical Sciences,https://www.careers.govt.nz/searchresults
Health and Para Medical Sciences,https://accounts.google.com/ServiceLogin?passive=true&continue=https%3A%2F%2Fwww.youtube.com%2Fsignin%3Faction_handle_signin%3Dtrue%26app%3Ddesktop%26feature%3D__FEATURE__%26next%3D%252Fwatch%253Fv%253DjyXKeqoqIKc%26hl%3Den&service=youtube&uilel=3&hl=en
Health and Para Medical Sciences,https://www.tru.ca/campus/current/exam-schedule.html
Health and Para Medical Sciences,https://www.ameritech.edu/student-catalog/
Health and Para Medical Sciences,https://www.vox.com/policy-and-politics/2018/4/9/17216404/house-democrat-pharma-insider-trump-drug-pricing-reform-why
Health and Para Medical Sciences,https://money.usnews.com/
Health and Para Medical Sciences,https://www.tru.ca/distance/about/contact/olfeedback/
Health and Para Medical Sciences,https://www.dentalcareersedu.org/2016/04/
Health and Para Medical Sciences,https://www.ameritech.edu/blog/category/nclex/
Health and Para Medical Sciences,https://accounts.google.com/ServiceLogin?continue=https%3A%2F%2Fwww.youtube.com%2Fsignin%3Fapp%3Ddesktop%26action_handle_signin%3Dtrue%26hl%3Den%26next%3D%252Fwatch%253Fv%253DKrT6xNhpzUc%26feature%3D__FEATURE__&passive=true&hl=en&service=youtube&uilel=3
Health and Para Medical Sciences,https://www.bloomberg.com/news/articles/2018-03-29/walmart-is-said-to-be-in-early-talks-with-humana-wsj-reports
Health and Para Medical Sciences,https://www.ameritech.edu/blog/nursing-school-expectations/
Health and Para Medical Sciences,https://www.ameritech.edu/blog/accreditation-explained/
Health and Para Medical Sciences,https://www.dentalcareersedu.org/about-us/
Health and Para Medical Sciences,https://www.bls.gov/ooh/healthcare/radiologic-technologists.htm#tab-6
Health and Para Medical Sciences,https://money.usnews.com/money/careers
Health and Para Medical Sciences,https://www.tru.ca/home.html
Health and Para Medical Sciences,https://www.dentalcareersedu.org/2015/03/
Health and Para Medical Sciences,https://classroom.google.com/share?url=https://www.merriam-webster.com/dictionary/pharmacy
Health and Para Medical Sciences,https://www.otago.ac.nz/
Health and Para Medical Sciences,https://instagram.com/thompsonriversu
Health and Para Medical Sciences,https://unabridged.merriam-webster.com/subscriber/register/p1?refc=FOOTER_DEF_MWU
Health and Para Medical Sciences,https://www.careers.govt.nz/about-careers-nz/contact-us/chat-online-about-your-career-options/
Health and Para Medical Sciences,https://pmi.edu/programs/associate/radiology
Health and Para Medical Sciences,https://www.dentalcareersedu.org/how-to-become-a-dental-hygienist/
Health and Para Medical Sciences,https://outlook.office365.com/
Health and Para Medical Sciences,https://www.usnews.com/topics/author/peter-a-gudmundsson
Health and Para Medical Sciences,https://www.ameritech.edu/about/
Health and Para Medical Sciences,https://money.usnews.com/careers/best-jobs/dental-hygienist/salary
Health and Para Medical Sciences,https://tru-csm.symplicity.com/students
Health and Para Medical Sciences,https://www.ameritech.edu/blog/category/work-life-balance/
Health and Para Medical Sciences,https://fi.wikipedia.org/wiki/Hammasteknikko
Health and Para Medical Sciences,https://nl.wikipedia.org/wiki/Mondhygi%C3%ABnist
Health and Para Medical Sciences,https://sr.wikipedia.org/wiki/%D0%97%D1%83%D0%B1%D0%BD%D0%B8_%D1%82%D0%B5%D1%85%D0%BD%D0%B8%D1%87%D0%B0%D1%80
Health and Para Medical Sciences,https://creditcards.usnews.com/
Health and Para Medical Sciences,https://www.ameritechbookstore.com/
Health and Para Medical Sciences,https://money.usnews.com/investing/cryptocurrency
Health and Para Medical Sciences,https://fr.wikipedia.org/wiki/Proth%C3%A9siste_dentaire
Health and Para Medical Sciences,https://www.ameritech.edu/blog/category/nursing-2/
Health and Para Medical Sciences,https://money.usnews.com/careers/best-jobs/dental-hygienist
