typeofurl,urladdress,,,
Beauty Care,https://study.com/skin_care_training.html,,,
Beauty Care,https://www.academiccourses.com/Courses/Skin-Care/,,,
Beauty Care,https://www.udemy.com/topic/skincare/,,,
Beauty Care,https://formulabotanica.com/diploma-in-organic-skincare-formulation/,,,
Beauty Care,https://www.lakme-academy.com/skin-care-courses,,,
Beauty Care,https://www.lakme-academy.com/courses,,,
Beauty Care,https://createyourskincare.com/free-class/,,,
Beauty Care,https://www.schoolofnaturalskincare.com/certificate-in-making-natural-skincare-products/,,,
Beauty Care,https://www.naturopathy-uk.com/courses-eu/courses-skincare/,,,
Beauty Care,https://www.universalclass.com/i/course/natural-skin-care.htm,,,
Beauty Care,https://career.webindia123.com/career/institutes/list_colleges_Institutes.asp?group=448&cat=Electrolysis_Training_Centers&course=3928&state=Maharashtra,,,
Beauty Care,https://career.webindia123.com/career/institutes/list_colleges_Institutes.asp?group=448&cat=Electrolysis_Training_Centers,,,
Beauty Care,https://career.webindia123.com/career/institutes/list_colleges_Institutes.asp?group=448&cat=Electrolysis_Training_Centers&course=3925,,,
Beauty Care,http://www.vobium.com/in/s/courses/beauty-personal-care/skin-body-care/Learn-electrology,,,
Beauty Care,https://www.indiamart.com/lees-beautycenter-spa/training-courses.html,,,
Beauty Care,https://www.careers.govt.nz/qualifications/view/PC3241/8601,,,
Beauty Care,https://medicine.careers360.com/node/46384/course/173918,,,
Beauty Care,https://medicine.careers360.com/node/47579/course/175700,,,
Beauty Care,http://electrologyinstitute.com/,,,
Beauty Care,http://electrologyinstitute.com/laser-ipl-training-from-e-i-n-e/,,,
Beauty Care,https://alison.com/course/diploma-in-communication-skills,,,
Beauty Care,https://alison.com/course/diploma-in-business-communication-skills,,,
Beauty Care,https://www.coursera.org/courses?query=communication%20skills,,,
Beauty Care,https://www.academiccourses.com/Diploma/Communication/,,,
Beauty Care,https://targetstudy.com/courses/diploma-course-in-comminication-skills-in-english.html,,,
Beauty Care,https://targetstudy.com/colleges/diploma-course-in-comminication-skills-in-english-diploma-colleges-in-india.html,,,
Beauty Care,https://www.edx.org/course/subject/communication,,,
Beauty Care,http://cdl.gitam.edu/images/PG-DIPLOMA.pdf,,,
Beauty Care,http://www.trinitycollege.com/site/?id=305,,,
Beauty Care,http://www.bmc.edu.sg/course/certificate-in-communication-skills/,,,
Beauty Care,http://ayurvedacourses.co.in/index.php/courses?option=com_content&view=article&layout=edit&id=14,,,
Beauty Care,https://kdham.com/ayurveda/,,,
Beauty Care,http://www.ayurvedaacharya.com/course-details/,,,
Beauty Care,https://www.academiccourses.com/Courses/Massage-Therapy/,,,
Beauty Care,https://www.coursera.org/courses?languages=en&query=music%20theory,,,
Beauty Care,http://www.avedna.co.in/Courses.html,,,
Beauty Care,https://oyc.yale.edu/english/engl-300,,,
Beauty Care,https://www.shulancollege.co.uk/courses/tcm-theory-diagnostics/,,,
Beauty Care,http://www.vibesinstitute.com/short-term-study-courses.html,,,
Beauty Care,https://www.earmaster.com/music-theory-online/course-introduction.html,,,
Beauty Care,http://www.stradapersonalspa.com/two-new-facials-include-renowned-casmara-algae-peel-off-masks,,,
Beauty Care,https://www.estheticianedu.org/vitamin-facials/,,,
Beauty Care,http://www.health.com/health/gallery/0,,20702296,00.html
Beauty Care,https://www.tripsavvy.com/what-are-facial-masks-3089921,,,
Beauty Care,https://dailyvanity.sg/news/sheet-masks-like-facials/,,,
Beauty Care,https://serenity-facials.com/,,,
Beauty Care,https://quickfixfacials.com/about-quick-fix/,,,
Beauty Care,https://en.wikipedia.org/wiki/Facial,,,
Beauty Care,https://www.independent.co.uk/life-style/fashion/beauty-how-to-guide-face-mask-diy-natural-a7323471.html,,,
Beauty Care,https://www.youtube.com/watch?v=iBMLzdI6QNo,,,
Beauty Care,http://www.eonline.com/news/926513/penis-facials-bee-sting-therapy-mayo-masks-and-more-investigating-the-most-bizarre-celebrity-beauty-treatments,,,
Beauty Care,https://www.oranebeautyinstitute.com/diploma-in-nail-art-extension/,,,
Beauty Care,https://www.vlccinstitute.com/courses-workshops/nails/,,,
Beauty Care,http://www.nailsmantra.com/training.htm,,,
Beauty Care,https://www.sulekha.com/nail-extension-art-training/hyderabad,,,
Beauty Care,https://shwetagaurmakeupartist.com/blog/tag/nail-art-course-fees/,,,
Beauty Care,http://www.nailartacademy.co.in/,,,
Beauty Care,http://www.newimagebeautyacademy.in/certificate-course-in-nail-art-and-extension.php,,,
Beauty Care,http://www.kapilssalon.com/academy/creative-courses.asp,,,
Beauty Care,http://blushsalonindia.com/nails-academy.aspx,,,
Beauty Care,http://www.nailspaindia.com/nail_spa_academy.html,,,
